-- Insert records into SOORT
INSERT INTO SOORT (Sid, Soort, Voorkomen) VALUES
(1, 'Vogel', 'Algemeen'),
(2, 'Zoogdier', 'Zeldzaam'),
(3, 'Amfibie', 'Algemeen'),
(4, 'Insect', 'Algemeen'),
(5, 'Vis', 'Zeldzaam'),
(6, 'Reptiel', 'Zeldzaam'),
(7, 'Vogel', 'Algemeen'),
(8, 'Zoogdier', 'Algemeen'),
(9, 'Amfibie', 'Zeldzaam'),
(10, 'Insect', 'Zeldzaam'),
(11, 'Vis', 'Algemeen'),
(12, 'Reptiel', 'Algemeen'),
(13, 'Vogel', 'Zeldzaam'),
(14, 'Zoogdier', 'Algemeen'),
(15, 'Amfibie', 'Algemeen'),
(16, 'Insect', 'Algemeen'),
(17, 'Vis', 'Zeldzaam'),
(18, 'Reptiel', 'Zeldzaam'),
(19, 'Vogel', 'Algemeen'),
(20, 'Zoogdier', 'Zeldzaam'),
(21, 'Amfibie', 'Algemeen'),
(22, 'Insect', 'Algemeen'),
(23, 'Vis', 'Zeldzaam'),
(24, 'Reptiel', 'Zeldzaam'),
(25, 'Vogel', 'Algemeen'),
(26, 'Zoogdier', 'Algemeen'),
(27, 'Amfibie', 'Zeldzaam'),
(28, 'Insect', 'Zeldzaam'),
(29, 'Vis', 'Algemeen'),
(30, 'Reptiel', 'Zeldzaam');

-- Insert records into WETENSCHAPPELIJKENAAM
INSERT INTO WETENSCHAPPELIJKENAAM (WNid, Naam, WetenschappelijkeNaam) VALUES
(1, 'Huismus', 'Passer domesticus'),
(2, 'Egel', 'Erinaceus europaeus'),
(3, 'Kikker', 'Rana temporaria'),
(4, 'Bij', 'Apis mellifera'),
(5, 'Zalm', 'Salmo salar'),
(6, 'Adder', 'Vipera berus'),
(7, 'Merel', 'Turdus merula'),
(8, 'Vos', 'Vulpes vulpes'),
(9, 'Pad', 'Bufo bufo'),
(10, 'Vlinder', 'Papilio machaon'),
(11, 'Forel', 'Salmo trutta'),
(12, 'Hagedis', 'Lacerta agilis'),
(13, 'Koolmees', 'Parus major'),
(14, 'Hert', 'Cervus elaphus'),
(15, 'Salamander', 'Salamandra salamandra'),
(16, 'Mier', 'Formica rufa'),
(17, 'Snoek', 'Esox lucius'),
(18, 'Slang', 'Natrix natrix'),
(19, 'Specht', 'Dendrocopos major'),
(20, 'Eekhoorn', 'Sciurus vulgaris'),
(21, 'Boomkikker', 'Hyla arborea'),
(22, 'Lieveheersbeestje', 'Coccinella septempunctata'),
(23, 'Baars', 'Perca fluviatilis'),
(24, 'Krokodil', 'Crocodylus niloticus'),
(25, 'Roodborstje', 'Erithacus rubecula'),
(26, 'Muis', 'Mus musculus'),
(27, 'Kamsalamander', 'Triturus cristatus'),
(28, 'Sprinkhaan', 'Caelifera'),
(29, 'Karper', 'Cyprinus carpio'),
(30, 'Gekko', 'Gekko gecko');

-- Insert records into LOCATIE
INSERT INTO LOCATIE (Lid, Locatienaam, provincie, breedtegraad, lengtegraad) VALUES
(1, 'Amsterdam', 'Noord-Holland', 52.3676, 4.9041),
(2, 'Rotterdam', 'Zuid-Holland', 51.9225, 4.47917),
(3, 'Utrecht', 'Utrecht', 52.0907, 5.12142),
(4, 'Den Haag', 'Zuid-Holland', 52.0705, 4.3007),
(5, 'Eindhoven', 'Noord-Brabant', 51.4416, 5.46972),
(6, 'Groningen', 'Groningen', 53.2194, 6.5665),
(7, 'Maastricht', 'Limburg', 50.8514, 5.69097),
(8, 'Leiden', 'Zuid-Holland', 52.1601, 4.49701),
(9, 'Nijmegen', 'Gelderland', 51.8425, 5.85278),
(10, 'Zwolle', 'Overijssel', 52.5168, 6.08302),
(11, 'Tilburg', 'Noord-Brabant', 51.5555, 5.0913),
(12, 'Almere', 'Flevoland', 52.3508, 5.2647),
(13, 'Breda', 'Noord-Brabant', 51.5719, 4.76832),
(14, 'Apeldoorn', 'Gelderland', 52.2112, 5.96992),
(15, 'Haarlem', 'Noord-Holland', 52.3874, 4.64622),
(16, 'Arnhem', 'Gelderland', 51.9851, 5.89873),
(17, 'Amersfoort', 'Utrecht', 52.1561, 5.38783),
(18, 'Zaanstad', 'Noord-Holland', 52.4579, 4.75104),
(19, 'Haarlemmermeer', 'Noord-Holland', 52.3025, 4.6886),
(20, 'Den Bosch', 'Noord-Brabant', 51.6978, 5.30367),
(21, 'Zoetermeer', 'Zuid-Holland', 52.0607, 4.49403),
(22, 'Enschede', 'Overijssel', 52.2215, 6.89366),
(23, 'Dordrecht', 'Zuid-Holland', 51.8133, 4.69009),
(24, 'Leeuwarden', 'Friesland', 53.2012, 5.79991),
(25, 'Helmond', 'Noord-Brabant', 51.4793, 5.65701),
(26, 'Alkmaar', 'Noord-Holland', 52.6324, 4.75338),
(27, 'Emmen', 'Drenthe', 52.7792, 6.90667),
(28, 'Oss', 'Noord-Brabant', 51.7654, 5.51804),
(29, 'Sittard', 'Limburg', 50.9983, 5.8699),
(30, 'Venlo', 'Limburg', 51.3704, 6.1724);

-- Insert records into GEBRUIKER
INSERT INTO GEBRUIKER (Weergavenaam, naam, email, biografie, taal, geslacht, geboortejaar, telefoonnummer, land) VALUES
('janjansen', 'Jan Jansen', 'jan@example.com', 'Bioloog', 'Nederlands', 'M', 1985, '0612345678', 'Nederland'),
('pietpietersen', 'Piet Pietersen', 'piet@example.com', 'Natuurliefhebber', 'Nederlands', 'M', 1990, '0612345679', 'Nederland'),
('klaasklaassen', 'Klaas Klaassen', 'klaas@example.com', 'Onderzoeker', 'Nederlands', 'M', 1980, '0612345680', 'Nederland'),
('annadevries', 'Anna de Vries', 'anna@example.com', 'Ecologe', 'Nederlands', 'V', 1987, '0612345681', 'Nederland'),
('lisavanleeuwen', 'Lisa van Leeuwen', 'lisa@example.com', 'Milieuactivist', 'Nederlands', 'V', 1992, '0612345682', 'Nederland'),
('tomtomassen', 'Tom Tomassen', 'tom@example.com', 'Student', 'Nederlands', 'M', 1995, '0612345683', 'Nederland'),
('sarahsmit', 'Sarah Smit', 'sarah@example.com', 'Onderzoeker', 'Nederlands', 'V', 1983, '0612345684', 'Nederland'),
('robertrutten', 'Robert Rutten', 'robert@example.com', 'Bioloog', 'Nederlands', 'M', 1988, '0612345685', 'Nederland'),
('emmadejong', 'Emma de Jong', 'emma@example.com', 'Natuurliefhebber', 'Nederlands', 'V', 1991, '0612345686', 'Nederland'),
('frankfransen', 'Frank Fransen', 'frank@example.com', 'Onderzoeker', 'Nederlands', 'M', 1984, '0612345687', 'Nederland'),
('sophiesmit', 'Sophie Smit', 'sophie@example.com', 'Bioloog', 'Nederlands', 'V', 1986, '0612345688', 'Nederland'),
('markmeijer', 'Mark Meijer', 'mark@example.com', 'Ecologist', 'Nederlands', 'M', 1989, '0612345689', 'Nederland'),
('lauradevries', 'Laura de Vries', 'laura@example.com', 'Student', 'Nederlands', 'V', 1993, '0612345690', 'Nederland'),
('kevinvandermeer', 'Kevin van der Meer', 'kevin@example.com', 'Milieuactivist', 'Nederlands', 'M', 1992, '0612345691', 'Nederland'),
('lisajansen', 'Lisa Jansen', 'lisa.jansen@example.com', 'Onderzoeker', 'Nederlands', 'V', 1985, '0612345692', 'Nederland'),
('peterpietersen', 'Peter Pietersen', 'peter@example.com', 'Bioloog', 'Nederlands', 'M', 1987, '0612345693', 'Nederland'),
('sandravanleeuwen', 'Sandra van Leeuwen', 'sandra@example.com', 'Natuurliefhebber', 'Nederlands', 'V', 1990, '0612345694', 'Nederland'),
('martinmeijer', 'Martin Meijer', 'martin@example.com', 'Ecologist', 'Nederlands', 'M', 1988, '0612345695', 'Nederland'),
('susanfransen', 'Susan Fransen', 'susan@example.com', 'Milieuactivist', 'Nederlands', 'V', 1991, '0612345696', 'Nederland'),
('robinrutten', 'Robin Rutten', 'robin@example.com', 'Student', 'Nederlands', 'M', 1994, '0612345697', 'Nederland'),
('nathaliesmit', 'Nathalie Smit', 'nathalie@example.com', 'Onderzoeker', 'Nederlands', 'V', 1983, '0612345698', 'Nederland'),
('thomasdeboer', 'Thomas de Boer', 'thomas@example.com', 'Bioloog', 'Nederlands', 'M', 1986, '0612345699', 'Nederland'),
('simonvandermeer', 'Simon van der Meer', 'simon@example.com', 'Ecologist', 'Nederlands', 'M', 1989, '0612345700', 'Nederland');

-- Insert records into WAARNEMING
INSERT INTO WAARNEMING (Wid, Omschrijving, Sid, Datum, Tijd, WNid, Lid, toelichting, aantal, geslacht, gebruiker, zekerheid, Webid, ManierDelen) VALUES
(1, 'Waarneming van een huismus', 1, '2024-12-01', '08:00', 1, 1, 'Gezien in de tuin', 5, 'M', 'jan@example.com', 'Zeker', 1, 'Publiek'),
(2, 'Waarneming van een egel', 2, '2024-12-02', '09:00', 2, 2, 'Gezien in het park', 1, 'V', 'piet@example.com', 'Zeker', 2, 'Privé'),
(3, 'Waarneming van een kikker', 3, '2024-12-03', '10:00', 3, 3, 'Gezien bij de vijver', 3, 'M', 'klaas@example.com', 'Onzeker', 3, 'Publiek'),
(4, 'Waarneming van een bij', 4, '2024-12-04', '11:00', 4, 4, 'Gezien in de tuin', 10, 'V', 'anna@example.com', 'Zeker', 4, 'Publiek'),
(5, 'Waarneming van een zalm', 5, '2024-12-05', '12:00', 5, 5, 'Gezien in de rivier', 2, 'M', 'lisa@example.com', 'Onzeker', 5, 'Privé'),
(6, 'Waarneming van een adder', 6, '2024-12-06', '13:00', 6, 6, 'Gezien in het bos', 1, 'V', 'tom@example.com', 'Zeker', 6, 'Publiek'),
(7, 'Waarneming van een merel', 7, '2024-12-07', '14:00', 7, 7, 'Gezien in de tuin', 4, 'M', 'sarah@example.com', 'Onzeker', 7, 'Privé'),
(8, 'Waarneming van een vos', 8, '2024-12-08', '15:00', 8, 8, 'Gezien in het park', 1, 'V', 'robert@example.com', 'Zeker', 8, 'Publiek'),
(9, 'Waarneming van een pad', 9, '2024-12-09', '16:00', 9, 9, 'Gezien bij de vijver', 3, 'M', 'emma@example.com', 'Onzeker', 9, 'Privé'),
(10, 'Waarneming van een vlinder', 10, '2024-12-10', '17:00', 10, 10, 'Gezien in de tuin', 7, 'V', 'frank@example.com', 'Zeker', 10, 'Publiek'),
(11, 'Waarneming van een forel', 11, '2024-12-11', '18:00', 11, 11, 'Gezien in de rivier', 2, 'M', 'sophie@example.com', 'Onzeker', 11, 'Privé'),
(12, 'Waarneming van een hagedis', 12, '2024-12-12', '19:00', 12, 12, 'Gezien in het bos', 1, 'V', 'mark@example.com', 'Zeker', 12, 'Publiek'),
(13, 'Waarneming van een koolmees', 13, '2024-12-13', '20:00', 13, 13, 'Gezien in de tuin', 5, 'M', 'laura@example.com', 'Onzeker', 13, 'Privé'),
(14, 'Waarneming van een hert', 14, '2024-12-14', '21:00', 14, 14, 'Gezien in het park', 1, 'V', 'kevin@example.com', 'Zeker', 14, 'Publiek'),
(15, 'Waarneming van een salamander', 15, '2024-12-15', '22:00', 15, 15, 'Gezien bij de vijver', 3, 'M', 'lisa.jansen@example.com', 'Onzeker', 15, 'Privé'),
(16, 'Waarneming van een mier', 16, '2024-12-16', '23:00', 16, 16, 'Gezien in de tuin', 10, 'V', 'peter@example.com', 'Zeker', 16, 'Publiek'),
(17, 'Waarneming van een snoek', 17, '2024-12-17', '00:00', 17, 17, 'Gezien in de rivier', 2, 'M', 'sandra@example.com', 'Onzeker', 17, 'Privé'),
(18, 'Waarneming van een slang', 18, '2024-12-18', '01:00', 18, 18, 'Gezien in het bos', 1, 'V', 'martin@example.com', 'Zeker', 18, 'Publiek'),
(19, 'Waarneming van een specht', 19, '2024-12-19', '02:00', 19, 19, 'Gezien in de tuin', 4, 'M', 'susan@example.com', 'Onzeker', 19, 'Privé'),
(20, 'Waarneming van een eekhoorn', 20, '2024-12-20', '03:00', 20, 20, 'Gezien in het park', 1, 'V', 'robin@example.com', 'Zeker', 20, 'Publiek'),
(21, 'Waarneming van een boomkikker', 21, '2024-12-21', '04:00', 21, 21, 'Gezien bij de vijver', 3, 'M', 'nathalie@example.com', 'Onzeker', 21, 'Privé'),
(22, 'Waarneming van een lieveheersbeestje', 22, '2024-12-22', '05:00', 22, 22, 'Gezien in de tuin', 10, 'V', 'thomas@example.com', 'Zeker', 22, 'Publiek'),
(23, 'Waarneming van een baars', 23, '2024-12-23', '06:00', 23, 23, 'Gezien in de rivier', 2, 'M', 'simon@example.com', 'Onzeker', 23, 'Privé'),
(24, 'Waarneming van een krokodil', 24, '2024-12-24', '07:00', 24, 24, 'Gezien in het bos', 1, 'V', 'jan@example.com', 'Zeker', 24, 'Publiek'),
(25, 'Waarneming van een roodborstje', 25, '2024-12-25', '08:00', 25, 25, 'Gezien in de tuin', 5, 'M', 'piet@example.com', 'Onzeker', 25, 'Privé'),
(26, 'Waarneming van een muis', 26, '2024-12-26', '09:00', 26, 26, 'Gezien in het park', 1, 'V', 'klaas@example.com', 'Zeker', 26, 'Publiek'),
(27, 'Waarneming van een kamsalamander', 27, '2024-12-27', '10:00', 27, 27, 'Gezien bij de vijver', 3, 'M', 'anna@example.com', 'Onzeker', 27, 'Privé'),
(28, 'Waarneming van een sprinkhaan', 28, '2024-12-28', '11:00', 28, 28, 'Gezien in de tuin', 10, 'V', 'lisa@example.com', 'Zeker', 28, 'Publiek'),
(29, 'Waarneming van een karper', 29, '2024-12-29', '12:00', 29, 29, 'Gezien in de rivier', 2, 'M', 'tom@example.com', 'Onzeker', 29, 'Privé'),
(30, 'Waarneming van een gekko', 30, '2024-12-30', '13:00', 30, 30, 'Gezien in het bos', 1, 'V', 'sarah@example.com', 'Zeker', 30, 'Publiek');

-- Insert records into FOTO
INSERT INTO FOTO (Fid, Foto) VALUES
(1, 'foto1.jpg'),
(2, 'foto2.jpg'),
(3, 'foto3.jpg'),
(4, 'foto4.jpg'),
(5, 'foto5.jpg'),
(6, 'foto6.jpg'),
(7, 'foto7.jpg'),
(8, 'foto8.jpg'),
(9, 'foto9.jpg'),
(10, 'foto10.jpg'),
(11, 'foto11.jpg'),
(12, 'foto12.jpg'),
(13, 'foto13.jpg'),
(14, 'foto14.jpg'),
(15, 'foto15.jpg'),
(16, 'foto16.jpg'),
(17, 'foto17.jpg'),
(18, 'foto18.jpg'),
(19, 'foto19.jpg'),
(20, 'foto20.jpg'),
(21, 'foto21.jpg'),
(22, 'foto22.jpg'),
(23, 'foto23.jpg'),
(24, 'foto24.jpg'),
(25, 'foto25.jpg'),
(26, 'foto26.jpg'),
(27, 'foto27.jpg'),
(28, 'foto28.jpg'),
(29, 'foto29.jpg'),
(30, 'foto30.jpg');

-- Insert records into FOTOWAARNEMING
INSERT INTO FOTOWAARNEMING (Wid, Fid) VALUES
(1, 1),
(2, 2),
(3, 3),
(4, 4),
(5, 5),
(6, 6),
(7, 7),
(8, 8),
(9, 9),
(10, 10),
(11, 11),
(12, 12),
(13, 13),
(14, 14),
(15, 15),
(16, 16),
(17, 17),
(18, 18),
(19, 19),
(20, 20),
(21, 21),
(22, 22),
(23, 23),
(24, 24),
(25, 25),
(26, 26),
(27, 27),
(28, 28),
(29, 29),
(30, 30);

-- Insert records into GELUID
INSERT INTO GELUID (Gid, Geluid) VALUES
(1, 'geluid1.mp3'),
(2, 'geluid2.mp3'),
(3, 'geluid3.mp3'),
(4, 'geluid4.mp3'),
(5, 'geluid5.mp3'),
(6, 'geluid6.mp3'),
(7, 'geluid7.mp3'),
(8, 'geluid8.mp3'),
(9, 'geluid9.mp3'),
(10, 'geluid10.mp3'),
(11, 'geluid11.mp3'),
(12, 'geluid12.mp3'),
(13, 'geluid13.mp3'),
(14, 'geluid14.mp3'),
(15, 'geluid15.mp3'),
(16, 'geluid16.mp3'),
(17, 'geluid17.mp3'),
(18, 'geluid18.mp3'),
(19, 'geluid19.mp3'),
(20, 'geluid20.mp3'),
(21, 'geluid21.mp3'),
(22, 'geluid22.mp3'),
(23, 'geluid23.mp3'),
(24, 'geluid24.mp3'),
(25, 'geluid25.mp3'),
(26, 'geluid26.mp3'),
(27, 'geluid27.mp3'),
(28, 'geluid28.mp3'),
(29, 'geluid29.mp3'),
(30, 'geluid30.mp3');

-- Insert records into GELUIDWAARNEMING
INSERT INTO GELUIDWAARNEMING (Wid, Gid) VALUES
(1, 1),
(2, 2),
(3, 3),
(4, 4),
(5, 5),
(6, 6),
(7, 7),
(8, 8),
(9, 9),
(10, 10),
(11, 11),
(12, 12),
(13, 13),
(14, 14),
(15, 15),
(16, 16),
(17, 17),
(18, 18),
(19, 19),
(20, 20),
(21, 21),
(22, 22),
(23, 23),
(24, 24),
(25, 25),
(26, 26),
(27, 27),
(28, 28),
(29, 29),
(30, 30);

-- Insert records into WEBLINK
INSERT INTO WEBLINK (Webid, Weblink) VALUES
(1, 'http://example.com/1'),
(2, 'http://example.com/2'),
(3, 'http://example.com/3'),
(4, 'http://example.com/4'),
(5, 'http://example.com/5'),
(6, 'http://example.com/6'),
(7, 'http://example.com/7'),
(8, 'http://example.com/8'),
(9, 'http://example.com/9'),
(10, 'http://example.com/10'),
(11, 'http://example.com/11'),
(12, 'http://example.com/12'),
(13, 'http://example.com/13'),
(14, 'http://example.com/14'),
(15, 'http://example.com/15'),
(16, 'http://example.com/16'),
(17, 'http://example.com/17'),
(18, 'http://example.com/18'),
(19, 'http://example.com/19'),
(20, 'http://example.com/20'),
(21, 'http://example.com/21'),
(22, 'http://example.com/22'),
(23, 'http://example.com/23'),
(24, 'http://example.com/24'),
(25, 'http://example.com/25'),
(26, 'http://example.com/26'),
(27, 'http://example.com/27'),
(28, 'http://example.com/28'),
(29, 'http://example.com/29'),
(30, 'http://example.com/30');

-- Insert records into WEBLINKWAARNEMING
INSERT INTO WEBLINKWAARNEMING (Wid, Webid) VALUES
(1, 1),
(2, 2),
(3, 3),
(4, 4),
(5, 5),
(6, 6),
(7, 7),
(8, 8),
(9, 9),
(10, 10),
(11, 11),
(12, 12),
(13, 13),
(14, 14),
(15, 15),
(16, 16),
(17, 17),
(18, 18),
(19, 19),
(20, 20),
(21, 21),
(22, 22),
(23, 23),
(24, 24),
(25, 25),
(26, 26),
(27, 27),
(28, 28),
(29, 29),
(30, 30);